{
  "threshold": 0.35,
  "baseline": {
    "roc_auc": 0.7196180861953337,
    "thresholds": {
      "0.3": {
        "precision": 0.23766816143497757,
        "recall": 0.43089430894308944,
        "f1": 0.3063583815028902,
        "fpr": 0.12301013024602026,
        "fnr": 0.5691056910569106,
        "roc_auc": 0.7196180861953337,
        "confusion_matrix": {
          "tn": 1212,
          "fp": 170,
          "fn": 70,
          "tp": 53
        }
      },
      "0.35": {
        "precision": 0.25742574257425743,
        "recall": 0.42276422764227645,
        "f1": 0.32,
        "fpr": 0.1085383502170767,
        "fnr": 0.5772357723577236,
        "roc_auc": 0.7196180861953337,
        "confusion_matrix": {
          "tn": 1232,
          "fp": 150,
          "fn": 71,
          "tp": 52
        }
      },
      "0.4": {
        "precision": 0.2717391304347826,
        "recall": 0.4065040650406504,
        "f1": 0.3257328990228013,
        "fpr": 0.09696092619392185,
        "fnr": 0.5934959349593496,
        "roc_auc": 0.7196180861953337,
        "confusion_matrix": {
          "tn": 1248,
          "fp": 134,
          "fn": 73,
          "tp": 50
        }
      },
      "0.45": {
        "precision": 0.27388535031847133,
        "recall": 0.34959349593495936,
        "f1": 0.30714285714285716,
        "fpr": 0.0824891461649783,
        "fnr": 0.6504065040650406,
        "roc_auc": 0.7196180861953337,
        "confusion_matrix": {
          "tn": 1268,
          "fp": 114,
          "fn": 80,
          "tp": 43
        }
      },
      "0.5": {
        "precision": 0.3115942028985507,
        "recall": 0.34959349593495936,
        "f1": 0.32950191570881227,
        "fpr": 0.06874095513748191,
        "fnr": 0.6504065040650406,
        "roc_auc": 0.7196180861953337,
        "confusion_matrix": {
          "tn": 1287,
          "fp": 95,
          "fn": 80,
          "tp": 43
        }
      },
      "0.55": {
        "precision": 0.3064516129032258,
        "recall": 0.3089430894308943,
        "f1": 0.3076923076923077,
        "fpr": 0.06222865412445731,
        "fnr": 0.6910569105691057,
        "roc_auc": 0.7196180861953337,
        "confusion_matrix": {
          "tn": 1296,
          "fp": 86,
          "fn": 85,
          "tp": 38
        }
      },
      "0.6": {
        "precision": 0.32456140350877194,
        "recall": 0.3008130081300813,
        "f1": 0.31223628691983124,
        "fpr": 0.055716353111432707,
        "fnr": 0.6991869918699187,
        "roc_auc": 0.7196180861953337,
        "confusion_matrix": {
          "tn": 1305,
          "fp": 77,
          "fn": 86,
          "tp": 37
        }
      },
      "0.65": {
        "precision": 0.34,
        "recall": 0.2764227642276423,
        "f1": 0.30493273542600896,
        "fpr": 0.04775687409551375,
        "fnr": 0.7235772357723578,
        "roc_auc": 0.7196180861953337,
        "confusion_matrix": {
          "tn": 1316,
          "fp": 66,
          "fn": 89,
          "tp": 34
        }
      },
      "0.7": {
        "precision": 0.3595505617977528,
        "recall": 0.2601626016260163,
        "f1": 0.3018867924528302,
        "fpr": 0.04124457308248915,
        "fnr": 0.7398373983739838,
        "roc_auc": 0.7196180861953337,
        "confusion_matrix": {
          "tn": 1325,
          "fp": 57,
          "fn": 91,
          "tp": 32
        }
      },
      "0.75": {
        "precision": 0.358974358974359,
        "recall": 0.22764227642276422,
        "f1": 0.27860696517412936,
        "fpr": 0.0361794500723589,
        "fnr": 0.7723577235772358,
        "roc_auc": 0.7196180861953337,
        "confusion_matrix": {
          "tn": 1332,
          "fp": 50,
          "fn": 95,
          "tp": 28
        }
      }
    }
  },
  "enhanced": {
    "roc_auc": 0.7279187697810408,
    "thresholds": {
      "0.3": {
        "precision": 0.3443708609271523,
        "recall": 0.42276422764227645,
        "f1": 0.3795620437956204,
        "fpr": 0.07163531114327062,
        "fnr": 0.5772357723577236,
        "roc_auc": 0.7279187697810408,
        "confusion_matrix": {
          "tn": 1283,
          "fp": 99,
          "fn": 71,
          "tp": 52
        }
      },
      "0.35": {
        "precision": 0.3435114503816794,
        "recall": 0.36585365853658536,
        "f1": 0.3543307086614173,
        "fpr": 0.06222865412445731,
        "fnr": 0.6341463414634146,
        "roc_auc": 0.7279187697810408,
        "confusion_matrix": {
          "tn": 1296,
          "fp": 86,
          "fn": 78,
          "tp": 45
        }
      },
      "0.4": {
        "precision": 0.3448275862068966,
        "recall": 0.3252032520325203,
        "f1": 0.33472803347280333,
        "fpr": 0.05499276410998553,
        "fnr": 0.6747967479674797,
        "roc_auc": 0.7279187697810408,
        "confusion_matrix": {
          "tn": 1306,
          "fp": 76,
          "fn": 83,
          "tp": 40
        }
      },
      "0.45": {
        "precision": 0.40425531914893614,
        "recall": 0.3089430894308943,
        "f1": 0.35023041474654376,
        "fpr": 0.04052098408104197,
        "fnr": 0.6910569105691057,
        "roc_auc": 0.7279187697810408,
        "confusion_matrix": {
          "tn": 1326,
          "fp": 56,
          "fn": 85,
          "tp": 38
        }
      },
      "0.5": {
        "precision": 0.4444444444444444,
        "recall": 0.2926829268292683,
        "f1": 0.35294117647058826,
        "fpr": 0.03256150506512301,
        "fnr": 0.7073170731707317,
        "roc_auc": 0.7279187697810408,
        "confusion_matrix": {
          "tn": 1337,
          "fp": 45,
          "fn": 87,
          "tp": 36
        }
      },
      "0.55": {
        "precision": 0.4927536231884058,
        "recall": 0.2764227642276423,
        "f1": 0.3541666666666667,
        "fpr": 0.02532561505065123,
        "fnr": 0.7235772357723578,
        "roc_auc": 0.7279187697810408,
        "confusion_matrix": {
          "tn": 1347,
          "fp": 35,
          "fn": 89,
          "tp": 34
        }
      },
      "0.6": {
        "precision": 0.5,
        "recall": 0.25203252032520324,
        "f1": 0.33513513513513515,
        "fpr": 0.02243125904486252,
        "fnr": 0.7479674796747967,
        "roc_auc": 0.7279187697810408,
        "confusion_matrix": {
          "tn": 1351,
          "fp": 31,
          "fn": 92,
          "tp": 31
        }
      },
      "0.65": {
        "precision": 0.5185185185185185,
        "recall": 0.22764227642276422,
        "f1": 0.3163841807909605,
        "fpr": 0.01881331403762663,
        "fnr": 0.7723577235772358,
        "roc_auc": 0.7279187697810408,
        "confusion_matrix": {
          "tn": 1356,
          "fp": 26,
          "fn": 95,
          "tp": 28
        }
      },
      "0.7": {
        "precision": 0.5625,
        "recall": 0.21951219512195122,
        "f1": 0.3157894736842105,
        "fpr": 0.015195369030390739,
        "fnr": 0.7804878048780488,
        "roc_auc": 0.7279187697810408,
        "confusion_matrix": {
          "tn": 1361,
          "fp": 21,
          "fn": 96,
          "tp": 27
        }
      },
      "0.75": {
        "precision": 0.5454545454545454,
        "recall": 0.1951219512195122,
        "f1": 0.2874251497005988,
        "fpr": 0.01447178002894356,
        "fnr": 0.8048780487804879,
        "roc_auc": 0.7279187697810408,
        "confusion_matrix": {
          "tn": 1362,
          "fp": 20,
          "fn": 99,
          "tp": 24
        }
      }
    }
  },
  "base_feature_cols": [
    "corridor_encoded",
    "event_cause_encoded",
    "vehicle_type_encoded",
    "hour_of_day",
    "day_of_week",
    "month",
    "hour_sin",
    "hour_cos",
    "is_high_priority_corridor",
    "is_non_corridor",
    "has_vehicle_type",
    "has_zone"
  ],