{
  "best_model_by_f1": "xgboost",
  "feature_importance": {
    "random_forest": {
      "hour_of_day": 0.24426910717075656,
      "month": 0.15234999541005068,
      "day_of_week": 0.1377828696068941,
      "surge_ratio": 0.049315579829919694,
      "incoming_vehicle_proxy": 0.04597136660427788,
      "neighbor_capacity_ratio": 0.04195056261092472,
      "historical_congestion_frequency": 0.03982433872429853,
      "delay_ratio": 0.03915816531868636,
      "density_ratio": 0.03838864425280068,
      "speed_drop": 0.03693997481085328,
      "road_load_ratio": 0.031209788319529943,
      "flow_variance_index": 0.02373237554133902,
      "outgoing_vehicle_proxy": 0.019537594130917945,
      "rolling_mean": 0.01854973349096106,
      "neighbor_speed": 0.018430551268577115,
      "neighbor_congestion_influence": 0.016869915491431808,
      "neighbor_density": 0.0168529833592441,
      "rolling_std": 0.011325380873592843,
      "weather_risk": 0.01093113273306626,
      "road_centrality": 0.006609940451877636
    },
    "xgboost": {
      "delay_ratio": 0.13327617943286896,
      "neighbor_capacity_ratio": 0.09054827690124512,
      "surge_ratio": 0.07249772548675537,
      "density_ratio": 0.07005023956298828,
      "neighbor_speed": 0.06345359981060028,
      "speed_drop": 0.056420158594846725,
      "rolling_mean": 0.052939049899578094,
      "neighbor_congestion_influence": 0.052361760288476944,
      "flow_variance_index": 0.04515437036752701,
      "hour_of_day": 0.04454241320490837,
      "rolling_std": 0.04314994066953659,
      "weather_risk": 0.0404139868915081,
      "neighbor_density": 0.03912315517663956,
      "month": 0.037386681884527206,
      "road_load_ratio": 0.03704261779785156,
      "day_of_week": 0.03492240607738495,
      "outgoing_vehicle_proxy": 0.034447040408849716,
      "road_centrality": 0.03250784054398537,
      "historical_congestion_frequency": 0.019762633368372917,
      "incoming_vehicle_proxy": 0.0
    },
    "lightgbm": {
      "hour_of_day": 1708.0,
      "day_of_week": 1121.0,
      "month": 1045.0,
      "density_ratio": 351.0,
      "flow_variance_index": 318.0,
      "neighbor_capacity_ratio": 230.0,
      "rolling_std": 213.0,
      "rolling_mean": 199.0,
      "delay_ratio": 186.0,
      "surge_ratio": 155.0,
      "neighbor_density": 147.0,
      "weather_risk": 108.0,
      "neighbor_speed": 95.0,
      "road_centrality": 61.0,
      "outgoing_vehicle_proxy": 22.0,
      "speed_drop": 5.0,
      "historical_congestion_frequency": 0.0,
      "neighbor_congestion_influence": 0.0,
      "incoming_vehicle_proxy": 0.0,
      "road_load_ratio": 0.0
    }
  },
  "note": "Use this JSON for frontend bar charts after training."
}